horodatage,modele,vitesse_coupe_m_min,debit_coupe_l_min,poids_piece_process_g,epaisseur_lubrifiant_process_mm,poids_final_g,epaisseur_lubrifiant_mesuree_mm,conformite_poids,conformite_lubrifiant,conformite_globale,ecart_poids_g,ecart_lubrifiant_mm,regime_anomalie
2026-05-10 18:41:22,PIECE_A,104.824,12.425,445.389,0.1786,451.441,0.2749,OK,OK,OK,1.441,-0.0251,normal
2026-05-10 18:41:27,PIECE_A,144.537,16.494,453.611,0.2647,451.012,0.2887,OK,OK,OK,1.012,-0.0113,normal
2026-05-10 18:41:32,PIECE_A,175.38,5.107,446.012,0.2679,450.231,0.2826,OK,OK,OK,0.231,-0.0174,normal
2026-05-10 18:41:37,PIECE_A,97.143,10.033,458.562,0.2555,449.943,0.2918,OK,OK,OK,-0.057,-0.0082,normal
2026-05-10 18:41:42,PIECE_A,101.625,18.848,451.978,0.3292,451.294,0.3142,OK,OK,OK,1.294,0.0142,normal
2026-05-10 18:41:47,PIECE_A,130.096,14.02,446.369,0.3639,450.405,0.3278,OK,OK,OK,0.405,0.0278,normal
2026-05-10 18:41:52,PIECE_A,152.773,11.513,445.229,0.4694,449.461,0.3345,OK,OK,OK,-0.539,0.0345,normal
2026-05-10 18:41:57,PIECE_A,176.804,15.458,451.779,0.202,450.285,0.2875,OK,OK,OK,0.285,-0.0125,normal
2026-05-10 18:42:02,PIECE_A,178.421,15.82,445.9,0.4186,449.157,0.3373,OK,OK,OK,-0.843,0.0373,normal
2026-05-10 18:42:07,PIECE_A,164.191,8.837,444.759,0.3603,449.023,0.2995,OK,OK,OK,-0.977,-0.0005,normal
2026-05-10 18:44:56,PIECE_A,135.067,5.698,448.009,0.2962,451.156,0.3044,OK,OK,OK,1.156,0.0044,normal
2026-05-10 18:45:01,PIECE_A,156.411,12.643,453.638,0.1988,450.38,0.2602,OK,OK,OK,0.38,-0.0398,normal
2026-05-10 18:45:06,PIECE_A,186.471,15.073,452.117,0.4279,448.682,0.3444,OK,OK,OK,-1.318,0.0444,normal
2026-05-10 18:45:11,PIECE_A,95.668,8.159,456.051,0.3863,449.962,0.3267,OK,OK,OK,-0.038,0.0267,normal
2026-05-10 18:45:16,PIECE_A,131.119,12.496,450.848,0.4232,450.645,0.3258,OK,OK,OK,0.645,0.0258,normal
2026-05-10 18:45:21,PIECE_A,123.777,19.635,458.385,0.2907,450.01,0.2906,OK,OK,OK,0.01,-0.0094,normal
2026-05-10 18:45:26,PIECE_A,182.375,8.314,449.317,0.3111,450.449,0.3279,OK,OK,OK,0.449,0.0279,normal
2026-05-10 18:45:31,PIECE_A,198.213,17.222,444.336,0.3225,449.399,0.2942,OK,OK,OK,-0.601,-0.0058,normal
2026-05-10 18:45:36,PIECE_A,166.841,16.685,456.768,0.1578,448.783,0.2809,OK,OK,OK,-1.217,-0.0191,normal
2026-05-10 18:45:41,PIECE_A,196.903,9.333,443.026,0.3953,450.713,0.3046,OK,OK,OK,0.713,0.0046,normal
2026-05-10 18:45:46,PIECE_A,127.726,5.197,446.001,0.2307,451.115,0.297,OK,OK,OK,1.115,-0.003,normal
2026-05-10 18:45:51,PIECE_A,115.368,17.788,441.586,0.3415,450.119,0.2931,OK,OK,OK,0.119,-0.0069,normal
2026-05-10 18:45:56,PIECE_A,156.782,14.66,458.224,0.3586,450.115,0.3072,OK,OK,OK,0.115,0.0072,normal
2026-05-10 18:46:01,PIECE_A,164.879,15.08,443.755,0.261,450.187,0.3052,OK,OK,OK,0.187,0.0052,normal
2026-05-10 18:46:07,PIECE_A,94.351,7.539,448.126,0.3603,451.121,0.3125,OK,OK,OK,1.121,0.0125,normal
2026-05-10 18:46:12,PIECE_A,169.503,13.87,455.346,0.1333,450.062,0.2503,OK,OK,OK,0.062,-0.0497,normal
2026-05-10 18:46:17,PIECE_A,180.977,14.562,449.327,0.3497,448.966,0.3399,OK,OK,OK,-1.034,0.0399,normal
2026-05-10 18:46:22,PIECE_A,90.346,12.923,445.51,0.2669,449.007,0.2605,OK,OK,OK,-0.993,-0.0395,normal
2026-05-10 18:46:27,PIECE_A,113.825,13.483,452.897,0.2542,449.917,0.2925,OK,OK,OK,-0.083,-0.0075,normal
2026-05-10 18:46:32,PIECE_A,92.12,16.233,447.418,0.1926,450.381,0.2658,OK,OK,OK,0.381,-0.0342,normal
2026-05-10 18:46:37,PIECE_A,121.897,9.429,455.446,0.3415,449.967,0.2865,OK,OK,OK,-0.033,-0.0135,normal
2026-05-10 18:46:42,PIECE_A,92.846,6.951,448.267,0.1226,449.547,0.2742,OK,OK,OK,-0.453,-0.0258,normal
2026-05-10 18:46:47,PIECE_A,84.935,18.724,453.308,0.1819,449.356,0.2666,OK,OK,OK,-0.644,-0.0334,normal
2026-05-10 18:46:52,PIECE_A,197.586,7.411,453.96,0.4927,450.961,0.3421,OK,OK,OK,0.961,0.0421,normal
2026-05-10 18:46:57,PIECE_A,150.17,6.677,455.162,0.3014,449.895,0.3362,OK,OK,OK,-0.105,0.0362,normal
2026-05-10 18:47:02,PIECE_A,97.1,15.246,454.285,0.2121,449.822,0.2819,OK,OK,OK,-0.178,-0.0181,normal
2026-05-10 18:47:07,PIECE_A,80.388,15.241,443.114,0.1469,450.195,0.2871,OK,OK,OK,0.195,-0.0129,normal
2026-05-10 18:47:12,PIECE_A,172.259,17.331,452.432,0.4545,448.999,0.3462,OK,OK,OK,-1.001,0.0462,normal
2026-05-10 18:47:17,PIECE_A,169.809,19.581,442.303,0.3497,449.849,0.3181,OK,OK,OK,-0.151,0.0181,normal
2026-05-10 18:47:22,PIECE_A,188.356,5.651,441.185,0.4691,451.478,0.3441,OK,OK,OK,1.478,0.0441,normal
2026-05-10 18:47:27,PIECE_A,194.018,15.195,454.038,0.4471,449.927,0.3268,OK,OK,OK,-0.073,0.0268,normal
2026-05-10 18:47:32,PIECE_A,185.032,12.249,450.888,0.4651,448.843,0.3605,OK,OK,OK,-1.157,0.0605,normal
2026-05-10 18:47:37,PIECE_A,186.329,14.621,441.207,0.2988,446.701,0.3025,OK,OK,OK,-3.299,0.0025,derive_1
2026-05-10 18:47:42,PIECE_A,115.842,17.332,439.962,0.414,446.022,0.2831,OK,OK,OK,-3.978,-0.0169,derive_2
2026-05-10 18:47:47,PIECE_A,100.787,6.009,440.241,0.228,443.588,0.2401,KO,OK,KO,-6.412,-0.0599,derive_3
2026-05-10 18:47:52,PIECE_A,116.721,6.98,441.128,0.3187,441.889,0.243,KO,OK,KO,-8.111,-0.057,derive_4
2026-05-10 18:47:57,PIECE_A,78.179,5.983,450.928,0.4667,440.996,0.241,KO,OK,KO,-9.004,-0.059,derive_5
2026-05-10 18:48:02,PIECE_A,110.0,5.997,445.076,0.4629,437.582,0.2503,KO,OK,KO,-12.418,-0.0497,derive_6
2026-05-10 18:48:07,PIECE_A,76.863,17.064,439.966,0.1463,435.656,0.1236,KO,OK,KO,-14.344,-0.1764,derive_7
2026-05-10 18:48:12,PIECE_A,130.005,16.415,452.833,0.0767,434.818,0.1121,KO,OK,KO,-15.182,-0.1879,derive_8
2026-05-10 18:48:17,PIECE_A,131.129,11.623,445.747,0.2889,431.687,0.1326,KO,OK,KO,-18.313,-0.1674,derive_9
2026-05-10 18:48:22,PIECE_A,134.137,16.979,439.741,0.0733,430.284,0.0666,KO,KO,KO,-19.716,-0.2334,derive_10
2026-05-10 18:48:27,PIECE_A,12.756,4.209,448.825,0.2639,414.439,-0.0634,KO,KO,KO,-35.561,-0.3634,rupture
2026-05-10 18:48:32,PIECE_A,199.017,16.117,455.753,0.4775,451.099,0.3469,OK,OK,OK,1.099,0.0469,normal
2026-05-10 18:48:37,PIECE_A,150.983,8.595,442.889,0.4706,449.333,0.3439,OK,OK,OK,-0.667,0.0439,normal
2026-05-10 18:48:42,PIECE_A,138.238,15.117,450.349,0.3553,449.487,0.3055,OK,OK,OK,-0.513,0.0055,normal
2026-05-10 18:48:47,PIECE_A,171.514,16.041,444.87,0.255,450.463,0.2706,OK,OK,OK,0.463,-0.0294,normal
2026-05-10 18:48:52,PIECE_A,122.834,18.417,449.965,0.2063,448.369,0.2474,OK,OK,OK,-1.631,-0.0526,derive_1
2026-05-10 18:48:57,PIECE_A,165.063,7.424,453.508,0.1626,446.514,0.2035,OK,OK,OK,-3.486,-0.0965,derive_2
2026-05-10 18:49:02,PIECE_A,148.167,12.129,449.182,0.2418,443.269,0.248,KO,OK,KO,-6.731,-0.052,derive_3
2026-05-10 18:49:07,PIECE_A,183.793,16.748,456.242,0.4682,440.755,0.2587,KO,OK,KO,-9.245,-0.0413,derive_4
2026-05-10 18:49:12,PIECE_A,148.506,11.718,454.755,0.3285,438.823,0.2152,KO,OK,KO,-11.177,-0.0848,derive_5
2026-05-10 18:49:17,PIECE_A,171.563,14.971,440.058,0.0815,437.913,0.1515,KO,OK,KO,-12.087,-0.1485,derive_6
2026-05-10 18:49:22,PIECE_A,148.594,16.213,442.193,0.233,435.096,0.1705,KO,OK,KO,-14.904,-0.1295,derive_7
2026-05-10 18:49:27,PIECE_A,174.153,19.76,449.85,0.1809,433.928,0.1206,KO,OK,KO,-16.072,-0.1794,derive_8
2026-05-10 18:49:32,PIECE_A,75.008,14.082,447.409,0.1419,432.412,0.0827,KO,KO,KO,-17.588,-0.2173,derive_9
2026-05-10 18:49:37,PIECE_A,126.339,14.71,442.645,0.4044,429.497,0.1327,KO,OK,KO,-20.503,-0.1673,derive_10
2026-05-10 18:49:42,PIECE_A,23.757,4.836,446.298,0.1923,415.062,-0.0634,KO,KO,KO,-34.938,-0.3634,rupture
2026-05-10 18:49:47,PIECE_A,145.01,17.644,452.974,0.2328,450.631,0.2783,OK,OK,OK,0.631,-0.0217,normal
2026-05-10 18:49:52,PIECE_A,191.863,14.271,447.558,0.4103,449.452,0.3291,OK,OK,OK,-0.548,0.0291,normal
2026-05-10 18:49:58,PIECE_A,138.338,14.334,445.192,0.423,449.834,0.3337,OK,OK,OK,-0.166,0.0337,normal
2026-05-10 18:50:03,PIECE_A,119.37,9.269,451.062,0.4588,450.456,0.3502,OK,OK,OK,0.456,0.0502,normal
2026-05-10 18:50:08,PIECE_A,155.506,14.175,453.754,0.4342,450.429,0.3418,OK,OK,OK,0.429,0.0418,normal
2026-05-10 18:50:13,PIECE_A,89.763,7.261,449.116,0.4747,450.331,0.3596,OK,OK,OK,0.331,0.0596,normal
2026-05-10 18:50:18,PIECE_A,181.59,16.945,453.934,0.2933,449.44,0.2844,OK,OK,OK,-0.56,-0.0156,normal
2026-05-10 18:50:23,PIECE_A,158.381,9.546,446.26,0.122,450.945,0.256,OK,OK,OK,0.945,-0.044,normal
2026-05-10 18:50:28,PIECE_A,139.528,8.885,458.15,0.1779,451.021,0.278,OK,OK,OK,1.021,-0.022,normal
2026-05-10 18:50:33,PIECE_A,151.388,8.844,458.335,0.2521,450.595,0.306,OK,OK,OK,0.595,0.006,normal
2026-05-10 18:50:38,PIECE_A,97.794,7.949,454.328,0.1661,449.969,0.284,OK,OK,OK,-0.031,-0.016,normal
2026-05-10 18:50:43,PIECE_A,149.382,13.907,454.93,0.4481,449.149,0.3385,OK,OK,OK,-0.851,0.0385,normal
2026-05-10 18:50:48,PIECE_A,148.032,17.262,455.599,0.347,449.594,0.3252,OK,OK,OK,-0.406,0.0252,normal
2026-05-10 18:50:53,PIECE_A,155.265,17.178,454.458,0.2729,450.189,0.2682,OK,OK,OK,0.189,-0.0318,normal
2026-05-10 18:50:58,PIECE_A,168.294,18.28,443.29,0.149,449.331,0.2757,OK,OK,OK,-0.669,-0.0243,normal
2026-05-10 18:51:03,PIECE_A,185.387,5.999,449.447,0.336,450.524,0.3001,OK,OK,OK,0.524,0.0001,normal
2026-05-10 18:51:08,PIECE_A,93.289,17.136,454.416,0.2284,450.326,0.2635,OK,OK,OK,0.326,-0.0365,normal
2026-05-10 18:51:13,PIECE_A,82.74,12.52,455.441,0.2635,450.577,0.2732,OK,OK,OK,0.577,-0.0268,normal
2026-05-10 18:51:18,PIECE_A,164.681,17.586,442.073,0.3092,449.924,0.3048,OK,OK,OK,-0.076,0.0048,normal
2026-05-10 18:51:23,PIECE_A,151.347,16.225,451.861,0.4,450.173,0.33,OK,OK,OK,0.173,0.03,normal
2026-05-10 18:51:28,PIECE_A,180.053,19.156,452.638,0.2411,450.566,0.2867,OK,OK,OK,0.566,-0.0133,normal
2026-05-10 18:51:33,PIECE_A,155.664,14.9,450.721,0.3839,450.944,0.3194,OK,OK,OK,0.944,0.0194,normal
2026-05-10 18:51:38,PIECE_A,92.353,9.468,456.055,0.4651,449.941,0.3411,OK,OK,OK,-0.059,0.0411,normal
2026-05-10 18:51:43,PIECE_A,181.002,15.208,455.885,0.1303,448.506,0.2802,OK,OK,OK,-1.494,-0.0198,normal
2026-05-10 18:51:48,PIECE_A,96.954,14.791,447.849,0.4481,451.735,0.3394,OK,OK,OK,1.735,0.0394,normal
2026-05-10 18:51:53,PIECE_A,122.767,15.924,446.077,0.3074,449.415,0.3087,OK,OK,OK,-0.585,0.0087,normal
2026-05-10 18:51:58,PIECE_A,129.557,9.86,444.388,0.3316,450.137,0.318,OK,OK,OK,0.137,0.018,normal
2026-05-10 18:52:03,PIECE_A,122.704,18.95,451.555,0.4073,449.364,0.3081,OK,OK,OK,-0.636,0.0081,normal
2026-05-10 18:52:08,PIECE_A,176.393,10.961,450.814,0.3143,449.467,0.3155,OK,OK,OK,-0.533,0.0155,normal
2026-05-10 18:52:13,PIECE_A,88.714,14.699,454.093,0.1428,448.192,0.2501,OK,OK,OK,-1.808,-0.0499,derive_1
2026-05-10 18:52:18,PIECE_A,163.991,18.203,452.277,0.2841,444.616,0.2715,KO,OK,KO,-5.384,-0.0285,derive_2
2026-05-10 18:52:23,PIECE_A,127.616,17.55,452.947,0.1552,444.017,0.1973,KO,OK,KO,-5.983,-0.1027,derive_3
2026-05-10 18:52:28,PIECE_A,94.709,8.206,445.279,0.215,442.786,0.202,KO,OK,KO,-7.214,-0.098,derive_4
2026-05-10 18:52:33,PIECE_A,91.127,8.77,442.907,0.1789,439.749,0.1986,KO,OK,KO,-10.251,-0.1014,derive_5
2026-05-10 18:52:38,PIECE_A,117.196,16.249,448.435,0.1658,437.686,0.1559,KO,OK,KO,-12.314,-0.1441,derive_6
2026-05-10 18:52:43,PIECE_A,164.379,8.269,451.816,0.302,435.484,0.1802,KO,OK,KO,-14.516,-0.1198,derive_7
2026-05-10 18:52:48,PIECE_A,89.34,13.763,448.663,0.0944,434.13,0.125,KO,OK,KO,-15.87,-0.175,derive_8
2026-05-10 18:52:53,PIECE_A,72.353,13.96,451.267,0.2053,431.898,0.1122,KO,OK,KO,-18.102,-0.1878,derive_9
2026-05-10 18:52:58,PIECE_A,99.818,5.798,446.712,0.0959,429.609,0.0727,KO,KO,KO,-20.391,-0.2273,derive_10
2026-05-10 18:53:03,PIECE_A,10.768,7.9,444.59,0.0671,414.124,-0.0924,KO,KO,KO,-35.876,-0.3924,rupture
2026-05-10 18:53:08,PIECE_A,128.927,13.779,442.315,0.4949,449.138,0.3403,OK,OK,OK,-0.862,0.0403,normal
2026-05-10 18:53:13,PIECE_A,167.621,8.049,444.192,0.1268,449.787,0.2681,OK,OK,OK,-0.213,-0.0319,normal
2026-05-10 18:53:18,PIECE_A,90.653,7.855,452.039,0.2309,449.296,0.2653,OK,OK,OK,-0.704,-0.0347,normal
2026-05-10 18:53:24,PIECE_A,81.679,16.74,444.192,0.3784,451.288,0.3174,OK,OK,OK,1.288,0.0174,normal
2026-05-10 18:53:29,PIECE_A,141.044,6.065,449.131,0.4601,449.749,0.3433,OK,OK,OK,-0.251,0.0433,normal
2026-05-10 18:53:34,PIECE_A,185.666,9.612,451.847,0.1455,450.002,0.2515,OK,OK,OK,0.002,-0.0485,normal
2026-05-10 18:53:39,PIECE_A,92.649,17.322,453.416,0.1526,447.474,0.2641,OK,OK,OK,-2.526,-0.0359,normal
2026-05-10 18:53:44,PIECE_A,130.223,11.626,446.352,0.4816,450.91,0.3355,OK,OK,OK,0.91,0.0355,normal
2026-05-10 18:53:49,PIECE_A,136.37,11.625,448.235,0.4851,450.937,0.3243,OK,OK,OK,0.937,0.0243,normal
2026-05-10 18:53:54,PIECE_A,127.864,11.629,450.953,0.2477,449.76,0.2796,OK,OK,OK,-0.24,-0.0204,normal
2026-05-10 18:53:59,PIECE_A,177.448,7.821,444.563,0.1527,450.319,0.283,OK,OK,OK,0.319,-0.017,normal
2026-05-10 18:54:04,PIECE_A,144.795,11.748,443.563,0.3329,447.715,0.2858,OK,OK,OK,-2.285,-0.0142,derive_1
2026-05-10 18:54:09,PIECE_A,97.732,8.183,445.928,0.412,445.726,0.2918,OK,OK,OK,-4.274,-0.0082,derive_2
2026-05-10 18:54:14,PIECE_A,96.055,10.556,440.072,0.1492,443.133,0.197,KO,OK,KO,-6.867,-0.103,derive_3
2026-05-10 18:54:19,PIECE_A,77.697,12.913,443.2,0.2315,441.818,0.2237,KO,OK,KO,-8.182,-0.0763,derive_4
2026-05-10 18:54:24,PIECE_A,77.422,14.965,446.161,0.2846,440.185,0.1939,KO,OK,KO,-9.815,-0.1061,derive_5
2026-05-10 18:54:29,PIECE_A,122.143,7.48,437.417,0.2805,437.514,0.1835,KO,OK,KO,-12.486,-0.1165,derive_6
2026-05-10 18:54:34,PIECE_A,170.832,16.189,437.954,0.2962,435.196,0.1989,KO,OK,KO,-14.804,-0.1011,derive_7
2026-05-10 18:54:39,PIECE_A,87.954,20.014,445.934,0.3581,434.605,0.1566,KO,OK,KO,-15.395,-0.1434,derive_8
2026-05-10 18:54:44,PIECE_A,166.699,19.304,441.814,0.3328,432.291,0.1551,KO,OK,KO,-17.709,-0.1449,derive_9
2026-05-10 18:54:49,PIECE_A,152.652,15.446,451.265,0.1654,429.679,0.0842,KO,KO,KO,-20.321,-0.2158,derive_10
2026-05-10 18:54:54,PIECE_A,11.174,6.464,434.816,0.3929,413.893,-0.0297,KO,KO,KO,-36.107,-0.3297,rupture
2026-05-10 18:54:59,PIECE_A,115.875,17.03,442.668,0.2422,450.515,0.2668,OK,OK,OK,0.515,-0.0332,normal
2026-05-10 18:55:04,PIECE_A,155.25,7.539,455.192,0.1289,450.037,0.2348,OK,OK,OK,0.037,-0.0652,normal
2026-05-10 18:55:09,PIECE_A,192.687,11.063,452.614,0.1446,450.657,0.2622,OK,OK,OK,0.657,-0.0378,normal
2026-05-10 18:55:14,PIECE_A,178.987,18.238,454.251,0.346,449.197,0.3123,OK,OK,OK,-0.803,0.0123,normal
2026-05-10 18:55:19,PIECE_A,180.391,14.109,442.039,0.3221,449.462,0.3015,OK,OK,OK,-0.538,0.0015,normal
2026-05-10 18:55:24,PIECE_A,135.738,9.521,443.488,0.3632,450.421,0.3023,OK,OK,OK,0.421,0.0023,normal
2026-05-10 18:55:29,PIECE_A,122.45,5.966,457.408,0.3622,450.43,0.2983,OK,OK,OK,0.43,-0.0017,normal
2026-05-10 18:55:34,PIECE_A,144.296,8.98,454.072,0.1127,450.35,0.2578,OK,OK,OK,0.35,-0.0422,normal
2026-05-10 18:55:39,PIECE_A,195.363,6.169,455.917,0.4065,451.263,0.3276,OK,OK,OK,1.263,0.0276,normal
2026-05-10 18:55:44,PIECE_A,89.202,14.471,455.927,0.3184,449.713,0.3103,OK,OK,OK,-0.287,0.0103,normal
2026-05-10 18:55:49,PIECE_A,97.625,10.592,456.11,0.2712,450.027,0.2987,OK,OK,OK,0.027,-0.0013,normal
2026-05-10 18:55:54,PIECE_A,120.138,9.904,447.035,0.3644,451.445,0.3145,OK,OK,OK,1.445,0.0145,normal
2026-05-10 18:55:59,PIECE_A,131.058,19.971,455.633,0.1594,449.966,0.2686,OK,OK,OK,-0.034,-0.0314,normal
2026-05-10 18:56:04,PIECE_A,144.365,8.458,445.252,0.3496,450.252,0.3112,OK,OK,OK,0.252,0.0112,normal
2026-05-10 18:56:09,PIECE_A,88.367,12.771,450.552,0.2819,449.749,0.2543,OK,OK,OK,-0.251,-0.0457,normal
2026-05-10 18:56:14,PIECE_A,85.747,12.728,443.911,0.3872,449.901,0.3185,OK,OK,OK,-0.099,0.0185,normal
2026-05-10 18:56:19,PIECE_A,129.666,18.589,449.308,0.4558,450.24,0.3501,OK,OK,OK,0.24,0.0501,normal
2026-05-10 18:56:24,PIECE_A,181.888,19.11,441.467,0.372,450.992,0.3276,OK,OK,OK,0.992,0.0276,normal
2026-05-10 18:56:29,PIECE_A,90.559,6.126,443.451,0.1308,451.7,0.2626,OK,OK,OK,1.7,-0.0374,normal
2026-05-10 18:56:34,PIECE_A,102.425,15.85,455.117,0.495,449.861,0.3618,OK,OK,OK,-0.139,0.0618,normal
2026-05-10 18:56:39,PIECE_A,103.986,13.463,443.194,0.3833,449.982,0.3473,OK,OK,OK,-0.018,0.0473,normal
2026-05-10 18:56:45,PIECE_A,86.437,15.82,451.087,0.1633,448.966,0.2545,OK,OK,OK,-1.034,-0.0455,normal
2026-05-10 18:56:50,PIECE_A,183.261,12.341,452.243,0.229,450.059,0.2804,OK,OK,OK,0.059,-0.0196,normal
2026-05-10 18:56:55,PIECE_A,139.066,8.074,446.305,0.2676,448.466,0.2887,OK,OK,OK,-1.534,-0.0113,normal
2026-05-10 18:57:00,PIECE_A,136.866,15.992,445.459,0.4666,449.788,0.3337,OK,OK,OK,-0.212,0.0337,normal
2026-05-10 18:57:05,PIECE_A,101.391,19.879,444.875,0.4385,449.705,0.346,OK,OK,OK,-0.295,0.046,normal
2026-05-10 18:57:10,PIECE_A,150.177,8.265,452.857,0.4227,450.541,0.3146,OK,OK,OK,0.541,0.0146,normal
2026-05-10 18:57:15,PIECE_A,87.394,15.958,457.898,0.2382,449.728,0.2753,OK,OK,OK,-0.272,-0.0247,normal
2026-05-10 18:57:20,PIECE_A,106.503,5.618,448.728,0.2312,451.513,0.2948,OK,OK,OK,1.513,-0.0052,normal
2026-05-10 18:57:25,PIECE_A,191.658,5.92,456.105,0.1946,449.937,0.2855,OK,OK,OK,-0.063,-0.0145,normal
2026-05-10 18:57:30,PIECE_A,154.002,7.579,454.116,0.3707,449.802,0.3113,OK,OK,OK,-0.198,0.0113,normal
2026-05-10 18:57:35,PIECE_A,193.845,17.595,452.234,0.1807,449.627,0.2809,OK,OK,OK,-0.373,-0.0191,normal
2026-05-10 18:59:26,PIECE_A,157.065,6.828,444.417,0.234,450.888,0.3021,OK,OK,OK,0.888,0.0021,normal
2026-05-10 18:59:31,PIECE_A,173.592,18.427,449.523,0.1955,449.047,0.2796,OK,OK,OK,-0.953,-0.0204,normal
2026-05-10 18:59:36,PIECE_A,98.674,11.831,448.179,0.4876,449.062,0.3292,OK,OK,OK,-0.938,0.0292,normal
2026-05-10 18:59:41,PIECE_A,152.507,10.056,452.692,0.1129,451.293,0.2651,OK,OK,OK,1.293,-0.0349,normal
2026-05-10 18:59:46,PIECE_A,106.86,13.667,458.368,0.1653,449.055,0.2716,OK,OK,OK,-0.945,-0.0284,normal
2026-05-10 18:59:51,PIECE_A,92.432,7.93,446.29,0.4923,450.08,0.3491,OK,OK,OK,0.08,0.0491,normal
2026-05-10 18:59:56,PIECE_A,126.593,12.425,453.285,0.3446,450.881,0.3061,OK,OK,OK,0.881,0.0061,normal
2026-05-10 19:00:01,PIECE_A,135.909,8.94,450.172,0.1037,449.694,0.2476,OK,OK,OK,-0.306,-0.0524,normal
2026-05-10 19:00:06,PIECE_A,95.595,13.302,446.69,0.1635,448.335,0.2385,OK,OK,OK,-1.665,-0.0615,derive_1
2026-05-10 19:00:11,PIECE_A,148.893,5.218,448.705,0.3811,445.396,0.277,OK,OK,OK,-4.604,-0.023,derive_2
2026-05-10 19:00:16,PIECE_A,105.366,9.99,443.31,0.3987,445.21,0.2754,OK,OK,OK,-4.79,-0.0246,derive_3
2026-05-10 19:00:21,PIECE_A,116.287,5.426,448.0,0.4566,441.728,0.2749,KO,OK,KO,-8.272,-0.0251,derive_4
2026-05-10 19:00:26,PIECE_A,150.126,19.982,449.143,0.4616,439.078,0.2494,KO,OK,KO,-10.922,-0.0506,derive_5
2026-05-10 19:00:31,PIECE_A,165.203,18.209,453.312,0.0755,438.772,0.1267,KO,OK,KO,-11.228,-0.1733,derive_6
2026-05-10 19:00:36,PIECE_A,169.129,6.803,446.983,0.1966,437.358,0.1404,KO,OK,KO,-12.642,-0.1596,derive_7
2026-05-10 19:00:41,PIECE_A,145.174,21.098,442.733,0.2415,432.9,0.1229,KO,OK,KO,-17.1,-0.1771,derive_8
2026-05-10 19:00:46,PIECE_A,132.895,17.441,448.518,0.2493,432.029,0.1314,KO,OK,KO,-17.971,-0.1686,derive_9
2026-05-10 19:00:51,PIECE_A,167.38,11.229,435.05,0.371,429.88,0.1397,KO,OK,KO,-20.12,-0.1603,derive_10
2026-05-10 19:00:56,PIECE_A,13.119,6.416,446.78,0.2422,414.265,-0.0557,KO,KO,KO,-35.735,-0.3557,rupture
2026-05-10 19:01:01,PIECE_A,158.699,15.479,444.24,0.4778,449.509,0.3535,OK,OK,OK,-0.491,0.0535,normal
2026-05-10 19:01:06,PIECE_A,189.756,7.271,454.142,0.3409,450.065,0.3119,OK,OK,OK,0.065,0.0119,normal
2026-05-10 19:01:11,PIECE_A,197.629,6.531,458.836,0.3869,450.465,0.3211,OK,OK,OK,0.465,0.0211,normal
2026-05-10 19:01:16,PIECE_A,184.774,17.778,458.301,0.1764,448.699,0.3019,OK,OK,OK,-1.301,0.0019,normal
2026-05-10 19:01:21,PIECE_A,98.121,11.543,454.245,0.1012,449.526,0.2469,OK,OK,OK,-0.474,-0.0531,normal
2026-05-10 19:01:26,PIECE_A,112.815,8.56,458.612,0.3714,451.03,0.3271,OK,OK,OK,1.03,0.0271,normal
2026-05-10 19:01:31,PIECE_A,122.313,11.076,452.175,0.3977,450.658,0.3505,OK,OK,OK,0.658,0.0505,normal
2026-05-10 19:01:36,PIECE_A,113.861,9.698,441.596,0.2766,449.588,0.2725,OK,OK,OK,-0.412,-0.0275,normal
2026-05-10 19:01:41,PIECE_A,194.216,10.032,441.255,0.283,450.164,0.3011,OK,OK,OK,0.164,0.0011,normal
2026-05-10 19:01:46,PIECE_A,195.303,5.85,455.483,0.4966,449.868,0.3342,OK,OK,OK,-0.132,0.0342,normal
2026-05-10 19:01:51,PIECE_A,98.311,5.484,449.489,0.4282,450.373,0.3471,OK,OK,OK,0.373,0.0471,normal
2026-05-10 19:01:56,PIECE_A,100.364,16.749,453.321,0.4273,449.682,0.3203,OK,OK,OK,-0.318,0.0203,normal
2026-05-10 19:02:02,PIECE_A,171.666,11.997,443.143,0.3312,450.935,0.295,OK,OK,OK,0.935,-0.005,normal
2026-05-10 19:02:07,PIECE_A,163.157,8.959,458.179,0.1778,450.996,0.2845,OK,OK,OK,0.996,-0.0155,normal
2026-05-10 19:02:12,PIECE_A,133.066,9.044,456.71,0.4254,449.805,0.3219,OK,OK,OK,-0.195,0.0219,normal
2026-05-10 19:02:17,PIECE_A,169.005,8.525,451.895,0.164,450.433,0.27,OK,OK,OK,0.433,-0.03,normal
2026-05-10 19:02:22,PIECE_A,189.127,17.888,450.154,0.4626,450.969,0.3269,OK,OK,OK,0.969,0.0269,normal
2026-05-10 19:02:27,PIECE_A,115.578,18.647,446.758,0.2393,449.486,0.2894,OK,OK,OK,-0.514,-0.0106,normal
2026-05-10 19:02:32,PIECE_A,178.258,15.991,452.7,0.1899,450.083,0.2768,OK,OK,OK,0.083,-0.0232,normal
2026-05-10 19:02:37,PIECE_A,127.53,11.478,444.871,0.221,450.926,0.2745,OK,OK,OK,0.926,-0.0255,normal
2026-05-10 19:02:42,PIECE_A,157.354,7.696,457.914,0.2531,450.759,0.2663,OK,OK,OK,0.759,-0.0337,normal
2026-05-10 19:02:47,PIECE_A,184.302,18.074,443.125,0.3398,450.508,0.3051,OK,OK,OK,0.508,0.0051,normal
2026-05-10 19:02:52,PIECE_A,190.449,14.776,453.74,0.3146,448.609,0.295,OK,OK,OK,-1.391,-0.005,normal
2026-05-10 19:02:57,PIECE_A,185.214,15.744,447.409,0.3885,450.727,0.3133,OK,OK,OK,0.727,0.0133,normal
2026-05-10 19:03:02,PIECE_A,84.633,12.962,450.462,0.2706,450.678,0.2742,OK,OK,OK,0.678,-0.0258,normal
2026-05-10 19:03:07,PIECE_A,150.296,7.812,450.116,0.4186,449.641,0.3377,OK,OK,OK,-0.359,0.0377,normal
2026-05-10 19:03:12,PIECE_A,101.165,5.917,447.919,0.1608,451.107,0.2779,OK,OK,OK,1.107,-0.0221,normal
2026-05-10 19:03:17,PIECE_A,107.428,13.849,449.426,0.4606,451.557,0.3378,OK,OK,OK,1.557,0.0378,normal
2026-05-10 19:03:22,PIECE_A,185.033,5.775,452.321,0.1029,449.823,0.237,OK,OK,OK,-0.177,-0.063,normal
2026-05-10 19:03:27,PIECE_A,156.467,8.581,447.628,0.4636,451.568,0.3438,OK,OK,OK,1.568,0.0438,normal
2026-05-10 19:03:32,PIECE_A,150.144,12.472,453.259,0.4262,449.363,0.3324,OK,OK,OK,-0.637,0.0324,normal
2026-05-10 19:03:37,PIECE_A,151.53,8.07,444.065,0.1808,450.742,0.2902,OK,OK,OK,0.742,-0.0098,normal
2026-05-10 19:03:42,PIECE_A,169.849,11.409,443.621,0.1608,447.95,0.2436,OK,OK,OK,-2.05,-0.0564,derive_1
2026-05-10 19:03:47,PIECE_A,101.694,12.358,445.814,0.364,447.359,0.2639,OK,OK,OK,-2.641,-0.0361,derive_2
2026-05-10 19:03:52,PIECE_A,189.04,17.615,456.362,0.3706,443.936,0.2614,KO,OK,KO,-6.064,-0.0386,derive_3
2026-05-10 19:03:57,PIECE_A,119.224,16.549,447.548,0.2972,441.496,0.2104,KO,OK,KO,-8.504,-0.0896,derive_4
2026-05-10 19:04:02,PIECE_A,176.007,16.909,437.633,0.1951,440.057,0.2029,KO,OK,KO,-9.943,-0.0971,derive_5
2026-05-10 19:04:07,PIECE_A,142.673,5.452,438.536,0.2122,438.486,0.1779,KO,OK,KO,-11.514,-0.1221,derive_6
2026-05-10 19:04:12,PIECE_A,104.195,8.535,443.732,0.1293,435.63,0.1264,KO,OK,KO,-14.37,-0.1736,derive_7
2026-05-10 19:04:17,PIECE_A,78.886,7.61,448.76,0.1644,435.487,0.119,KO,OK,KO,-14.513,-0.181,derive_8
2026-05-10 19:04:22,PIECE_A,153.771,9.563,450.212,0.1235,430.935,0.0988,KO,KO,KO,-19.065,-0.2012,derive_9
2026-05-10 19:04:27,PIECE_A,95.399,8.089,439.194,0.2148,429.458,0.0969,KO,KO,KO,-20.542,-0.2031,derive_10
2026-05-10 19:04:32,PIECE_A,12.849,4.058,447.458,0.3638,414.938,-0.0392,KO,KO,KO,-35.062,-0.3392,rupture
2026-05-10 19:04:37,PIECE_A,153.762,10.685,442.078,0.2159,450.525,0.2812,OK,OK,OK,0.525,-0.0188,normal
2026-05-10 19:04:42,PIECE_A,97.212,8.941,442.302,0.1939,450.497,0.2812,OK,OK,OK,0.497,-0.0188,normal
2026-05-10 19:04:47,PIECE_A,83.5,17.21,451.614,0.3534,449.385,0.3172,OK,OK,OK,-0.615,0.0172,normal
2026-05-10 19:04:52,PIECE_A,108.206,10.774,454.134,0.3917,448.46,0.3264,OK,OK,OK,-1.54,0.0264,derive_1
2026-05-10 19:04:57,PIECE_A,114.261,13.819,456.702,0.4351,444.43,0.2945,KO,OK,KO,-5.57,-0.0055,derive_2
2026-05-10 19:05:02,PIECE_A,141.717,17.774,443.829,0.4765,443.58,0.2985,KO,OK,KO,-6.42,-0.0015,derive_3
2026-05-10 19:05:07,PIECE_A,172.085,8.563,453.341,0.1407,441.644,0.2119,KO,OK,KO,-8.356,-0.0881,derive_4
2026-05-10 19:05:12,PIECE_A,80.305,14.995,448.823,0.2708,439.378,0.1971,KO,OK,KO,-10.622,-0.1029,derive_5
2026-05-10 19:05:17,PIECE_A,147.518,20.124,445.24,0.1247,437.088,0.162,KO,OK,KO,-12.912,-0.138,derive_6
2026-05-10 19:05:22,PIECE_A,142.19,20.241,441.638,0.4375,435.86,0.2052,KO,OK,KO,-14.14,-0.0948,derive_7
2026-05-10 19:05:27,PIECE_A,116.922,19.399,452.534,0.2552,433.963,0.1403,KO,OK,KO,-16.037,-0.1597,derive_8
2026-05-10 19:05:32,PIECE_A,153.853,12.134,439.205,0.1017,433.328,0.0956,KO,KO,KO,-16.672,-0.2044,derive_9
2026-05-10 19:05:37,PIECE_A,154.731,8.042,446.794,0.2247,430.069,0.1151,KO,OK,KO,-19.931,-0.1849,derive_10
2026-05-10 19:05:42,PIECE_A,12.363,6.448,451.165,0.3811,413.731,-0.0286,KO,KO,KO,-36.269,-0.3286,rupture
2026-05-10 19:05:47,PIECE_A,194.969,9.617,455.107,0.1696,449.984,0.2762,OK,OK,OK,-0.016,-0.0238,normal
2026-05-10 19:05:52,PIECE_A,174.485,13.725,457.378,0.1992,451.574,0.2675,OK,OK,OK,1.574,-0.0325,normal
2026-05-10 19:05:58,PIECE_A,85.054,8.929,449.798,0.2429,449.72,0.278,OK,OK,OK,-0.28,-0.022,normal
2026-05-10 19:06:03,PIECE_A,167.174,16.012,453.902,0.3319,450.08,0.329,OK,OK,OK,0.08,0.029,normal
2026-05-10 19:06:08,PIECE_A,106.208,7.073,450.779,0.4366,449.264,0.3133,OK,OK,OK,-0.736,0.0133,normal
2026-05-10 19:06:13,PIECE_A,121.894,18.579,449.995,0.4328,449.852,0.3419,OK,OK,OK,-0.148,0.0419,normal
2026-05-10 19:06:18,PIECE_A,125.798,9.709,453.339,0.3995,448.827,0.3382,OK,OK,OK,-1.173,0.0382,normal
2026-05-10 19:06:23,PIECE_A,193.654,18.232,456.425,0.2389,450.809,0.2681,OK,OK,OK,0.809,-0.0319,normal
2026-05-10 19:06:28,PIECE_A,133.843,8.466,442.892,0.4438,451.68,0.3513,OK,OK,OK,1.68,0.0513,normal
2026-05-10 19:06:33,PIECE_A,149.729,13.726,450.052,0.2627,450.828,0.2942,OK,OK,OK,0.828,-0.0058,normal
2026-05-10 19:06:38,PIECE_A,142.821,17.289,449.254,0.1679,450.185,0.265,OK,OK,OK,0.185,-0.035,normal
2026-05-10 19:06:43,PIECE_A,128.434,6.638,457.368,0.2521,449.868,0.2915,OK,OK,OK,-0.132,-0.0085,normal
2026-05-10 19:06:48,PIECE_A,113.005,17.652,451.141,0.4841,450.493,0.3486,OK,OK,OK,0.493,0.0486,normal
2026-05-10 19:06:53,PIECE_A,106.265,10.487,451.797,0.3972,451.389,0.3318,OK,OK,OK,1.389,0.0318,normal
2026-05-10 19:06:58,PIECE_A,107.924,19.389,454.357,0.2396,450.37,0.2973,OK,OK,OK,0.37,-0.0027,normal
2026-05-10 19:07:03,PIECE_A,140.362,11.32,448.917,0.1775,449.78,0.2709,OK,OK,OK,-0.22,-0.0291,normal
2026-05-10 19:07:08,PIECE_A,188.399,15.854,451.659,0.1556,450.293,0.2444,OK,OK,OK,0.293,-0.0556,normal
2026-05-10 19:07:13,PIECE_A,158.87,9.898,447.743,0.3016,451.042,0.2829,OK,OK,OK,1.042,-0.0171,normal
2026-05-10 19:07:18,PIECE_A,85.94,16.832,455.981,0.466,449.068,0.3358,OK,OK,OK,-0.932,0.0358,normal
2026-05-10 19:07:23,PIECE_A,163.098,19.7,452.265,0.2738,449.67,0.2685,OK,OK,OK,-0.33,-0.0315,normal
2026-05-10 19:07:28,PIECE_A,151.582,6.803,445.086,0.1236,449.567,0.2494,OK,OK,OK,-0.433,-0.0506,normal
2026-05-10 19:07:33,PIECE_A,154.287,19.925,458.302,0.3548,449.876,0.284,OK,OK,OK,-0.124,-0.016,normal
2026-05-10 19:07:38,PIECE_A,179.727,6.557,443.414,0.4209,450.006,0.3229,OK,OK,OK,0.006,0.0229,normal
2026-05-10 19:07:43,PIECE_A,107.107,10.786,450.836,0.4143,449.393,0.3339,OK,OK,OK,-0.607,0.0339,normal
2026-05-10 19:07:48,PIECE_A,165.667,15.074,444.939,0.3098,450.064,0.3021,OK,OK,OK,0.064,0.0021,normal
2026-05-10 19:07:53,PIECE_A,95.194,10.484,452.277,0.3329,449.235,0.3121,OK,OK,OK,-0.765,0.0121,normal
2026-05-10 19:07:58,PIECE_A,163.062,7.219,454.278,0.2937,450.282,0.3191,OK,OK,OK,0.282,0.0191,normal
2026-05-10 19:08:03,PIECE_A,80.936,7.885,446.37,0.4919,449.965,0.3624,OK,OK,OK,-0.035,0.0624,normal
2026-05-10 19:08:08,PIECE_A,179.245,19.308,442.674,0.3972,448.544,0.3204,OK,OK,OK,-1.456,0.0204,normal
2026-05-10 19:08:13,PIECE_A,154.259,12.14,442.948,0.326,448.631,0.2916,OK,OK,OK,-1.369,-0.0084,normal
2026-05-10 19:08:18,PIECE_A,96.05,16.232,448.203,0.1204,449.902,0.2652,OK,OK,OK,-0.098,-0.0348,normal
2026-05-10 19:08:23,PIECE_A,165.956,18.937,447.785,0.1496,449.592,0.2697,OK,OK,OK,-0.408,-0.0303,normal
2026-05-10 19:08:28,PIECE_A,194.139,15.239,444.603,0.4177,450.72,0.323,OK,OK,OK,0.72,0.023,normal
2026-05-10 19:08:33,PIECE_A,167.324,19.765,444.199,0.3787,449.396,0.332,OK,OK,OK,-0.604,0.032,normal
2026-05-10 19:08:38,PIECE_A,86.393,6.455,451.836,0.1919,449.325,0.2993,OK,OK,OK,-0.675,-0.0007,normal
2026-05-10 19:08:43,PIECE_A,91.521,7.187,451.656,0.1341,449.171,0.2722,OK,OK,OK,-0.829,-0.0278,normal
2026-05-10 19:08:48,PIECE_A,83.569,19.081,455.824,0.3019,451.172,0.3179,OK,OK,OK,1.172,0.0179,normal
2026-05-10 19:08:53,PIECE_A,104.579,14.24,441.749,0.1907,451.574,0.295,OK,OK,OK,1.574,-0.005,derive_1
2026-05-10 19:08:58,PIECE_A,139.384,15.57,447.074,0.1436,454.136,0.3174,OK,OK,OK,4.136,0.0174,derive_2
2026-05-10 19:09:03,PIECE_A,115.271,18.58,460.382,0.2573,456.794,0.3226,KO,OK,KO,6.794,0.0226,derive_3
2026-05-10 19:09:08,PIECE_A,104.212,8.042,456.176,0.423,455.781,0.4017,KO,OK,KO,5.781,0.1017,derive_4
2026-05-10 19:09:13,PIECE_A,191.667,13.842,444.744,0.5107,460.371,0.4317,KO,OK,KO,10.371,0.1317,derive_5
2026-05-10 19:09:18,PIECE_A,156.357,12.113,449.369,0.4193,462.852,0.4475,KO,OK,KO,12.852,0.1475,derive_6
2026-05-10 19:09:23,PIECE_A,154.999,11.591,448.237,0.1984,464.381,0.4039,KO,OK,KO,14.381,0.1039,derive_7
2026-05-10 19:09:28,PIECE_A,116.881,6.379,456.114,0.3408,466.794,0.444,KO,OK,KO,16.794,0.144,derive_8
2026-05-10 19:09:33,PIECE_A,120.237,11.825,453.914,0.4877,468.441,0.522,KO,KO,KO,18.441,0.222,derive_9
2026-05-10 19:09:38,PIECE_A,120.369,13.72,447.947,0.3641,470.617,0.4883,KO,OK,KO,20.617,0.1883,derive_10
2026-05-10 19:09:43,PIECE_A,15.41,2.742,447.994,0.2368,486.212,0.6371,KO,KO,KO,36.212,0.3371,rupture
2026-05-10 19:09:48,PIECE_A,80.549,9.467,457.609,0.2059,450.904,0.2915,OK,OK,OK,0.904,-0.0085,normal
2026-05-10 19:09:53,PIECE_A,146.793,6.957,453.803,0.4442,448.843,0.3414,OK,OK,OK,-1.157,0.0414,normal
2026-05-10 19:09:59,PIECE_A,185.042,10.172,446.514,0.2074,449.069,0.3037,OK,OK,OK,-0.931,0.0037,normal
2026-05-10 19:10:04,PIECE_A,112.847,15.463,446.794,0.3425,450.474,0.3034,OK,OK,OK,0.474,0.0034,normal
2026-05-10 19:10:09,PIECE_A,121.668,15.323,451.626,0.2041,452.32,0.2973,OK,OK,OK,2.32,-0.0027,derive_1
2026-05-10 19:10:14,PIECE_A,98.517,6.215,445.313,0.3688,454.951,0.3524,OK,OK,OK,4.951,0.0524,derive_2
2026-05-10 19:10:19,PIECE_A,172.02,14.546,447.935,0.3022,455.784,0.3526,KO,OK,KO,5.784,0.0526,derive_3
2026-05-10 19:10:24,PIECE_A,120.784,8.739,452.341,0.3972,458.334,0.4021,KO,OK,KO,8.334,0.1021,derive_4
2026-05-10 19:10:29,PIECE_A,199.02,7.345,461.386,0.3442,460.457,0.428,KO,OK,KO,10.457,0.128,derive_5
2026-05-10 19:10:34,PIECE_A,181.254,13.139,445.804,0.5328,460.846,0.4583,KO,OK,KO,10.846,0.1583,derive_6
2026-05-10 19:10:39,PIECE_A,96.381,16.246,463.356,0.3663,463.07,0.4565,KO,OK,KO,13.07,0.1565,derive_7
2026-05-10 19:10:44,PIECE_A,214.075,4.764,455.106,0.3768,465.34,0.4613,KO,OK,KO,15.34,0.1613,derive_8
2026-05-10 19:10:49,PIECE_A,134.871,13.041,456.248,0.3726,467.59,0.4622,KO,OK,KO,17.59,0.1622,derive_9
2026-05-10 19:10:54,PIECE_A,180.457,13.124,462.478,0.3193,470.509,0.4827,KO,OK,KO,20.509,0.1827,derive_10
2026-05-10 19:10:59,PIECE_A,29.475,6.939,453.02,0.537,486.614,0.7168,KO,KO,KO,36.614,0.4168,rupture
2026-05-10 19:11:04,PIECE_A,121.027,16.587,452.345,0.1655,449.802,0.2663,OK,OK,OK,-0.198,-0.0337,normal
2026-05-10 19:11:09,PIECE_A,188.038,19.283,442.496,0.4809,449.744,0.3557,OK,OK,OK,-0.256,0.0557,normal
2026-05-10 19:11:14,PIECE_A,199.868,13.977,446.21,0.3314,449.985,0.3102,OK,OK,OK,-0.015,0.0102,normal
2026-05-10 19:11:19,PIECE_A,187.749,13.167,442.939,0.4371,450.56,0.3399,OK,OK,OK,0.56,0.0399,normal
2026-05-10 19:11:24,PIECE_A,160.32,13.132,444.366,0.2118,449.976,0.2643,OK,OK,OK,-0.024,-0.0357,normal
2026-05-10 19:11:29,PIECE_A,109.203,7.324,441.324,0.1456,450.341,0.252,OK,OK,OK,0.341,-0.048,normal
2026-05-10 19:11:34,PIECE_A,131.745,17.455,458.997,0.2841,449.354,0.3136,OK,OK,OK,-0.646,0.0136,normal
2026-05-10 19:11:39,PIECE_A,156.785,6.353,444.514,0.3662,451.192,0.3027,OK,OK,OK,1.192,0.0027,normal
2026-05-10 19:11:44,PIECE_A,178.592,8.181,450.456,0.274,451.601,0.2832,OK,OK,OK,1.601,-0.0168,normal
2026-05-10 19:11:49,PIECE_A,109.649,10.368,441.103,0.2005,450.533,0.2724,OK,OK,OK,0.533,-0.0276,normal
2026-05-10 19:11:54,PIECE_A,108.794,10.648,455.151,0.3042,450.575,0.2908,OK,OK,OK,0.575,-0.0092,normal
2026-05-10 19:11:59,PIECE_A,122.661,17.244,450.267,0.3077,447.991,0.3,OK,OK,OK,-2.009,0.0,derive_1
2026-05-10 19:12:04,PIECE_A,191.809,17.593,453.936,0.4368,445.803,0.2947,OK,OK,OK,-4.197,-0.0053,derive_2
2026-05-10 19:12:09,PIECE_A,141.023,9.633,441.439,0.1568,443.799,0.1922,KO,OK,KO,-6.201,-0.1078,derive_3
2026-05-10 19:12:14,PIECE_A,129.843,11.909,451.551,0.1881,442.286,0.2081,KO,OK,KO,-7.714,-0.0919,derive_4
2026-05-10 19:12:19,PIECE_A,169.115,19.23,448.787,0.1455,438.212,0.1783,KO,OK,KO,-11.788,-0.1217,derive_5
2026-05-10 19:12:24,PIECE_A,177.797,14.341,449.77,0.4144,438.523,0.2382,KO,OK,KO,-11.477,-0.0618,derive_6
2026-05-10 19:12:29,PIECE_A,153.587,12.854,444.636,0.1407,435.999,0.1328,KO,OK,KO,-14.001,-0.1672,derive_7
2026-05-10 19:12:34,PIECE_A,168.518,17.608,442.764,0.2994,434.236,0.1286,KO,OK,KO,-15.764,-0.1714,derive_8
2026-05-10 19:12:39,PIECE_A,177.408,9.256,438.262,0.2301,432.575,0.1225,KO,OK,KO,-17.425,-0.1775,derive_9
2026-05-10 19:12:44,PIECE_A,83.792,9.725,449.398,0.2024,429.999,0.1144,KO,OK,KO,-20.001,-0.1856,derive_10
2026-05-10 19:12:49,PIECE_A,13.677,8.101,452.215,0.1355,413.05,-0.0779,KO,KO,KO,-36.95,-0.3779,rupture
2026-05-10 19:12:54,PIECE_A,129.611,6.714,452.834,0.3535,451.038,0.3174,OK,OK,OK,1.038,0.0174,normal
2026-05-10 19:12:59,PIECE_A,166.274,13.065,452.044,0.3406,450.241,0.2954,OK,OK,OK,0.241,-0.0046,normal
2026-05-10 19:13:04,PIECE_A,176.217,15.493,444.688,0.1765,450.561,0.2703,OK,OK,OK,0.561,-0.0297,normal
2026-05-10 19:13:09,PIECE_A,176.929,10.248,445.218,0.474,448.686,0.3255,OK,OK,OK,-1.314,0.0255,normal
2026-05-10 19:13:14,PIECE_A,99.356,13.756,454.273,0.1616,449.424,0.2547,OK,OK,OK,-0.576,-0.0453,normal
2026-05-10 19:13:19,PIECE_A,159.805,5.459,453.084,0.2625,452.546,0.3125,OK,OK,OK,2.546,0.0125,derive_1
2026-05-10 19:13:24,PIECE_A,194.742,8.446,444.543,0.2094,454.881,0.3212,OK,OK,OK,4.881,0.0212,derive_2
2026-05-10 19:13:29,PIECE_A,198.026,14.538,443.249,0.4107,456.352,0.3807,KO,OK,KO,6.352,0.0807,derive_3
2026-05-10 19:13:34,PIECE_A,151.509,5.704,458.83,0.1273,457.348,0.322,KO,OK,KO,7.348,0.022,derive_4
2026-05-10 19:13:39,PIECE_A,107.141,19.005,454.902,0.2791,460.738,0.389,KO,OK,KO,10.738,0.089,derive_5
2026-05-10 19:13:44,PIECE_A,142.579,6.734,462.268,0.3504,462.429,0.4234,KO,OK,KO,12.429,0.1234,derive_6
2026-05-10 19:13:49,PIECE_A,152.369,18.312,446.767,0.4254,463.184,0.4673,KO,OK,KO,13.184,0.1673,derive_7
2026-05-10 19:13:55,PIECE_A,165.509,10.805,454.631,0.44,466.865,0.4738,KO,OK,KO,16.865,0.1738,derive_8
2026-05-10 19:14:00,PIECE_A,164.793,6.428,460.655,0.2007,468.863,0.4269,KO,OK,KO,18.863,0.1269,derive_9
2026-05-10 19:14:05,PIECE_A,98.584,8.283,458.088,0.4996,471.014,0.5507,KO,KO,KO,21.014,0.2507,derive_10
2026-05-10 19:14:10,PIECE_A,32.39,5.175,456.029,0.3215,485.536,0.6641,KO,KO,KO,35.536,0.3641,rupture
2026-05-10 19:14:15,PIECE_A,109.811,7.802,446.009,0.2859,450.437,0.2856,OK,OK,OK,0.437,-0.0144,normal
2026-05-10 19:14:20,PIECE_A,168.242,11.103,455.756,0.4621,449.302,0.3412,OK,OK,OK,-0.698,0.0412,normal
2026-05-10 19:14:25,PIECE_A,118.72,13.876,458.305,0.2388,450.603,0.2702,OK,OK,OK,0.603,-0.0298,normal
2026-05-10 19:14:30,PIECE_A,132.62,17.529,442.265,0.2509,451.003,0.2939,OK,OK,OK,1.003,-0.0061,normal
2026-05-10 19:14:35,PIECE_A,130.929,6.668,446.38,0.3076,451.004,0.3101,OK,OK,OK,1.004,0.0101,normal
2026-05-10 19:14:40,PIECE_A,186.479,15.194,454.3,0.2896,449.874,0.2954,OK,OK,OK,-0.126,-0.0046,normal
2026-05-10 19:14:45,PIECE_A,193.969,9.022,450.927,0.2534,449.586,0.27,OK,OK,OK,-0.414,-0.03,normal
2026-05-10 19:14:50,PIECE_A,190.573,12.475,453.415,0.1246,451.127,0.2583,OK,OK,OK,1.127,-0.0417,normal
2026-05-10 19:14:55,PIECE_A,168.144,5.172,441.015,0.2526,449.395,0.3051,OK,OK,OK,-0.605,0.0051,normal
2026-05-10 19:15:00,PIECE_A,184.066,19.937,442.428,0.3736,447.004,0.2909,OK,OK,OK,-2.996,-0.0091,derive_1
2026-05-10 19:15:05,PIECE_A,149.704,9.04,446.008,0.322,445.36,0.2779,OK,OK,OK,-4.64,-0.0221,derive_2
2026-05-10 19:15:10,PIECE_A,146.054,8.793,447.762,0.3036,444.418,0.245,KO,OK,KO,-5.582,-0.055,derive_3
2026-05-10 19:15:15,PIECE_A,177.957,8.931,453.74,0.4655,441.761,0.2959,KO,OK,KO,-8.239,-0.0041,derive_4
2026-05-10 19:15:20,PIECE_A,184.069,14.78,440.09,0.0789,439.145,0.1366,KO,OK,KO,-10.855,-0.1634,derive_5
2026-05-10 19:15:25,PIECE_A,86.069,16.087,442.703,0.3119,437.771,0.175,KO,OK,KO,-12.229,-0.125,derive_6
2026-05-10 19:15:30,PIECE_A,124.64,6.638,452.503,0.2055,436.755,0.1484,KO,OK,KO,-13.245,-0.1516,derive_7
2026-05-10 19:15:35,PIECE_A,150.209,19.199,439.569,0.3837,433.035,0.1633,KO,OK,KO,-16.965,-0.1367,derive_8
2026-05-10 19:15:40,PIECE_A,173.855,7.428,435.008,0.4353,433.676,0.1857,KO,OK,KO,-16.324,-0.1143,derive_9
2026-05-10 19:15:45,PIECE_A,115.433,9.808,437.108,0.1849,428.676,0.0846,KO,KO,KO,-21.324,-0.2154,derive_10
2026-05-10 19:15:50,PIECE_A,20.632,2.652,449.045,0.2155,413.639,-0.0832,KO,KO,KO,-36.361,-0.3832,rupture
2026-05-10 19:15:55,PIECE_A,160.293,18.465,444.194,0.2015,451.32,0.2867,OK,OK,OK,1.32,-0.0133,normal
2026-05-10 19:16:00,PIECE_A,160.587,9.093,454.355,0.1239,451.369,0.2635,OK,OK,OK,1.369,-0.0365,normal
2026-05-10 19:16:05,PIECE_A,148.664,12.902,457.957,0.1021,450.536,0.2764,OK,OK,OK,0.536,-0.0236,normal
2026-05-10 19:16:10,PIECE_A,157.573,5.692,448.491,0.1772,450.642,0.2834,OK,OK,OK,0.642,-0.0166,normal
2026-05-10 19:16:15,PIECE_A,190.67,15.592,448.548,0.3727,449.859,0.3299,OK,OK,OK,-0.141,0.0299,normal
2026-05-10 19:16:20,PIECE_A,185.26,13.864,447.7,0.1991,449.213,0.2708,OK,OK,OK,-0.787,-0.0292,normal
2026-05-10 19:16:25,PIECE_A,119.918,12.621,444.296,0.4374,449.035,0.3212,OK,OK,OK,-0.965,0.0212,normal
2026-05-10 19:16:30,PIECE_A,173.692,11.212,447.962,0.1936,449.87,0.2863,OK,OK,OK,-0.13,-0.0137,normal
2026-05-10 19:16:35,PIECE_A,105.382,19.471,454.449,0.1978,450.337,0.2736,OK,OK,OK,0.337,-0.0264,normal
2026-05-10 19:16:40,PIECE_A,83.274,11.761,443.88,0.421,449.442,0.3352,OK,OK,OK,-0.558,0.0352,normal
2026-05-10 19:16:45,PIECE_A,162.275,6.712,449.064,0.3846,450.74,0.3144,OK,OK,OK,0.74,0.0144,normal
2026-05-10 19:16:50,PIECE_A,138.362,11.662,452.631,0.2419,448.488,0.2985,OK,OK,OK,-1.512,-0.0015,normal
2026-05-10 19:16:55,PIECE_A,142.817,16.691,442.215,0.3857,450.294,0.33,OK,OK,OK,0.294,0.03,normal
2026-05-10 19:17:00,PIECE_A,132.293,15.168,451.076,0.4662,451.184,0.3222,OK,OK,OK,1.184,0.0222,normal
2026-05-10 19:17:05,PIECE_A,103.517,5.793,453.519,0.1427,450.006,0.2659,OK,OK,OK,0.006,-0.0341,normal
2026-05-10 19:17:10,PIECE_A,125.868,18.185,441.436,0.2393,450.501,0.2783,OK,OK,OK,0.501,-0.0217,normal
2026-05-10 19:17:15,PIECE_A,107.814,17.831,445.615,0.3529,451.245,0.3213,OK,OK,OK,1.245,0.0213,normal
2026-05-10 19:17:21,PIECE_A,93.194,18.377,441.306,0.1542,450.549,0.2658,OK,OK,OK,0.549,-0.0342,normal
2026-05-10 19:17:26,PIECE_A,84.531,12.197,454.091,0.1793,449.273,0.2916,OK,OK,OK,-0.727,-0.0084,normal
2026-05-10 19:17:31,PIECE_A,195.1,9.647,457.289,0.197,450.05,0.2645,OK,OK,OK,0.05,-0.0355,normal
2026-05-10 19:17:36,PIECE_A,175.203,12.01,445.84,0.4252,450.888,0.3368,OK,OK,OK,0.888,0.0368,normal
2026-05-10 19:17:41,PIECE_A,82.447,9.529,454.018,0.3934,450.257,0.3007,OK,OK,OK,0.257,0.0007,normal
2026-05-10 19:17:46,PIECE_A,87.39,18.025,441.542,0.4469,451.434,0.3267,OK,OK,OK,1.434,0.0267,normal
2026-05-10 19:17:51,PIECE_A,153.621,14.46,444.949,0.444,449.56,0.3452,OK,OK,OK,-0.44,0.0452,normal
2026-05-10 19:17:56,PIECE_A,110.398,19.029,457.115,0.4836,449.651,0.3593,OK,OK,OK,-0.349,0.0593,normal
2026-05-10 19:18:01,PIECE_A,196.369,19.328,457.855,0.1968,449.997,0.2952,OK,OK,OK,-0.003,-0.0048,normal
2026-05-10 19:18:06,PIECE_A,115.302,9.373,447.429,0.325,449.859,0.2977,OK,OK,OK,-0.141,-0.0023,normal
2026-05-10 19:18:11,PIECE_A,179.259,11.298,448.459,0.2386,451.011,0.2716,OK,OK,OK,1.011,-0.0284,normal
2026-05-10 19:18:16,PIECE_A,169.37,6.005,448.964,0.3573,448.979,0.3207,OK,OK,OK,-1.021,0.0207,normal
2026-05-10 19:18:21,PIECE_A,84.602,12.277,448.041,0.3165,449.465,0.2985,OK,OK,OK,-0.535,-0.0015,normal
2026-05-10 19:18:26,PIECE_A,135.991,5.588,456.602,0.1779,449.942,0.276,OK,OK,OK,-0.058,-0.024,normal
2026-05-10 19:18:31,PIECE_A,97.066,17.215,455.223,0.3753,449.089,0.3327,OK,OK,OK,-0.911,0.0327,normal
2026-05-10 19:18:36,PIECE_A,86.403,13.939,444.84,0.3716,450.787,0.3003,OK,OK,OK,0.787,0.0003,normal
2026-05-10 19:18:41,PIECE_A,192.609,18.101,458.922,0.1294,449.345,0.2456,OK,OK,OK,-0.655,-0.0544,normal
2026-05-10 19:18:46,PIECE_A,80.223,19.591,458.801,0.1033,449.227,0.2566,OK,OK,OK,-0.773,-0.0434,normal
2026-05-10 19:18:51,PIECE_A,183.536,6.159,452.137,0.313,451.075,0.273,OK,OK,OK,1.075,-0.027,normal
2026-05-10 19:18:56,PIECE_A,98.849,7.02,457.79,0.1112,449.18,0.2481,OK,OK,OK,-0.82,-0.0519,normal
2026-05-10 19:19:01,PIECE_A,167.883,10.71,450.969,0.4878,450.032,0.3397,OK,OK,OK,0.032,0.0397,normal
2026-05-10 19:19:06,PIECE_A,114.88,17.9,455.806,0.2262,450.322,0.2649,OK,OK,OK,0.322,-0.0351,normal
2026-05-10 19:19:11,PIECE_A,131.782,9.673,455.03,0.4042,450.358,0.3316,OK,OK,OK,0.358,0.0316,derive_1
2026-05-10 19:19:16,PIECE_A,100.471,18.718,459.113,0.2683,453.276,0.3147,OK,OK,OK,3.276,0.0147,derive_2
2026-05-10 19:19:21,PIECE_A,155.939,14.765,458.439,0.4014,455.45,0.3649,KO,OK,KO,5.45,0.0649,derive_3
2026-05-10 19:19:26,PIECE_A,142.501,10.579,459.672,0.372,459.512,0.3846,KO,OK,KO,9.512,0.0846,derive_4
2026-05-10 19:19:31,PIECE_A,175.624,7.272,454.042,0.4599,459.817,0.4204,KO,OK,KO,9.817,0.1204,derive_5
2026-05-10 19:19:36,PIECE_A,130.212,15.354,458.806,0.283,463.202,0.3904,KO,OK,KO,13.202,0.0904,derive_6
2026-05-10 19:19:41,PIECE_A,187.274,8.958,461.913,0.4261,464.586,0.4504,KO,OK,KO,14.586,0.1504,derive_7
2026-05-10 19:19:46,PIECE_A,180.146,9.14,459.556,0.3888,464.93,0.4584,KO,OK,KO,14.93,0.1584,derive_8
2026-05-10 19:19:51,PIECE_A,126.114,10.042,459.665,0.4243,468.369,0.5081,KO,KO,KO,18.369,0.2081,derive_9
2026-05-10 19:19:56,PIECE_A,174.53,15.113,457.112,0.3137,469.731,0.4799,KO,OK,KO,19.731,0.1799,derive_10
2026-05-10 19:20:01,PIECE_A,31.193,5.282,459.931,0.4036,486.747,0.6761,KO,KO,KO,36.747,0.3761,rupture
2026-05-10 19:20:06,PIECE_A,175.044,15.877,450.924,0.1435,451.543,0.2712,OK,OK,OK,1.543,-0.0288,normal
2026-05-10 19:20:11,PIECE_A,198.847,10.216,445.123,0.4654,449.061,0.3575,OK,OK,OK,-0.939,0.0575,normal
2026-05-10 19:20:16,PIECE_A,172.725,8.496,442.415,0.4187,450.427,0.3363,OK,OK,OK,0.427,0.0363,normal
2026-05-10 19:20:21,PIECE_A,179.799,18.298,452.519,0.2768,451.317,0.2621,OK,OK,OK,1.317,-0.0379,normal
2026-05-10 19:20:26,PIECE_A,98.81,7.895,456.959,0.1715,450.378,0.2381,OK,OK,OK,0.378,-0.0619,normal
2026-05-10 19:20:31,PIECE_A,104.2,18.243,444.796,0.1611,450.362,0.2725,OK,OK,OK,0.362,-0.0275,normal
2026-05-10 19:20:36,PIECE_A,122.942,15.577,453.698,0.3803,449.89,0.3273,OK,OK,OK,-0.11,0.0273,normal
2026-05-10 19:20:41,PIECE_A,183.411,11.945,453.764,0.3778,448.56,0.306,OK,OK,OK,-1.44,0.006,derive_1
2026-05-10 19:20:46,PIECE_A,130.637,9.216,455.03,0.1155,446.252,0.2356,OK,OK,OK,-3.748,-0.0644,derive_2
2026-05-10 19:20:51,PIECE_A,111.901,17.544,447.964,0.3878,444.402,0.2504,KO,OK,KO,-5.598,-0.0496,derive_3
2026-05-10 19:20:56,PIECE_A,156.32,11.654,444.092,0.3775,440.423,0.2596,KO,OK,KO,-9.577,-0.0404,derive_4
2026-05-10 19:21:01,PIECE_A,140.768,11.776,452.319,0.2246,439.954,0.2137,KO,OK,KO,-10.046,-0.0863,derive_5
2026-05-10 19:21:06,PIECE_A,173.144,7.644,442.616,0.3917,437.946,0.2047,KO,OK,KO,-12.054,-0.0953,derive_6
2026-05-10 19:21:11,PIECE_A,148.226,10.734,452.724,0.285,434.156,0.1943,KO,OK,KO,-15.844,-0.1057,derive_7
2026-05-10 19:21:16,PIECE_A,154.769,14.983,436.648,0.2173,432.835,0.1443,KO,OK,KO,-17.165,-0.1557,derive_8
2026-05-10 19:21:21,PIECE_A,98.608,19.85,437.029,0.3046,431.831,0.1404,KO,OK,KO,-18.169,-0.1596,derive_9
2026-05-10 19:21:27,PIECE_A,121.262,14.165,450.622,0.0736,430.748,0.0776,KO,KO,KO,-19.252,-0.2224,derive_10
2026-05-10 19:21:32,PIECE_A,13.908,8.325,435.215,0.2372,412.93,-0.0551,KO,KO,KO,-37.07,-0.3551,rupture
2026-05-10 19:21:37,PIECE_A,111.516,16.603,455.477,0.4571,449.684,0.3557,OK,OK,OK,-0.316,0.0557,normal
2026-05-10 19:21:42,PIECE_A,153.126,19.355,450.68,0.4373,450.741,0.3555,OK,OK,OK,0.741,0.0555,normal
2026-05-10 19:21:47,PIECE_A,155.098,15.445,452.182,0.2176,449.434,0.276,OK,OK,OK,-0.566,-0.024,normal
2026-05-10 19:21:52,PIECE_A,138.656,9.555,451.678,0.1971,448.299,0.2723,OK,OK,OK,-1.701,-0.0277,normal
2026-05-10 19:21:57,PIECE_A,155.127,14.774,455.961,0.4696,450.641,0.3389,OK,OK,OK,0.641,0.0389,normal
2026-05-10 19:22:02,PIECE_A,126.901,10.382,444.004,0.1398,447.63,0.2627,OK,OK,OK,-2.37,-0.0373,normal
2026-05-10 19:22:07,PIECE_A,186.772,8.177,443.899,0.1521,450.849,0.2696,OK,OK,OK,0.849,-0.0304,normal
2026-05-10 19:22:12,PIECE_A,83.773,10.825,455.191,0.1301,447.924,0.2474,OK,OK,OK,-2.076,-0.0526,derive_1
2026-05-10 19:22:17,PIECE_A,117.514,18.612,442.896,0.12,446.704,0.2279,OK,OK,OK,-3.296,-0.0721,derive_2
2026-05-10 19:22:22,PIECE_A,155.748,15.968,441.846,0.1916,442.136,0.2414,KO,OK,KO,-7.864,-0.0586,derive_3
2026-05-10 19:22:27,PIECE_A,81.324,16.498,453.1,0.3041,441.803,0.2404,KO,OK,KO,-8.197,-0.0596,derive_4
2026-05-10 19:22:32,PIECE_A,125.965,17.771,443.992,0.3151,438.171,0.2261,KO,OK,KO,-11.829,-0.0739,derive_5
2026-05-10 19:22:37,PIECE_A,158.562,13.463,452.965,0.3534,438.373,0.2157,KO,OK,KO,-11.627,-0.0843,derive_6
2026-05-10 19:22:42,PIECE_A,113.15,10.632,437.172,0.2858,435.076,0.1674,KO,OK,KO,-14.924,-0.1326,derive_7
2026-05-10 19:22:47,PIECE_A,100.634,16.21,446.566,0.2837,433.948,0.1601,KO,OK,KO,-16.052,-0.1399,derive_8
2026-05-10 19:22:52,PIECE_A,101.247,20.37,443.0,0.2387,431.566,0.1285,KO,OK,KO,-18.434,-0.1715,derive_9
2026-05-10 19:22:57,PIECE_A,105.17,7.248,436.162,0.3109,430.545,0.1074,KO,OK,KO,-19.455,-0.1926,derive_10
2026-05-10 19:23:02,PIECE_A,24.943,3.207,450.381,0.2068,413.66,-0.0672,KO,KO,KO,-36.34,-0.3672,rupture
2026-05-10 19:23:07,PIECE_A,171.463,7.144,442.664,0.493,449.794,0.3342,OK,OK,OK,-0.206,0.0342,normal
2026-05-10 19:23:12,PIECE_A,80.995,6.181,456.113,0.2498,448.467,0.289,OK,OK,OK,-1.533,-0.011,normal
2026-05-10 19:23:17,PIECE_A,163.596,9.68,445.911,0.3754,447.128,0.3132,OK,OK,OK,-2.872,0.0132,derive_1
2026-05-10 19:23:22,PIECE_A,87.574,10.436,454.61,0.1969,446.296,0.2308,OK,OK,OK,-3.704,-0.0692,derive_2
2026-05-10 19:23:27,PIECE_A,114.382,5.734,444.199,0.3484,444.587,0.2552,KO,OK,KO,-5.413,-0.0448,derive_3
2026-05-10 19:23:32,PIECE_A,160.021,14.223,449.297,0.4343,442.685,0.2787,KO,OK,KO,-7.315,-0.0213,derive_4
2026-05-10 19:23:37,PIECE_A,131.818,18.542,449.219,0.2325,439.799,0.1938,KO,OK,KO,-10.201,-0.1062,derive_5
2026-05-10 19:23:42,PIECE_A,98.87,13.704,452.434,0.3397,437.209,0.1952,KO,OK,KO,-12.791,-0.1048,derive_6
2026-05-10 19:23:47,PIECE_A,94.833,17.631,444.946,0.2332,436.886,0.1446,KO,OK,KO,-13.114,-0.1554,derive_7
2026-05-10 19:23:52,PIECE_A,108.109,13.891,450.725,0.3732,432.504,0.1845,KO,OK,KO,-17.496,-0.1155,derive_8
2026-05-10 19:23:57,PIECE_A,133.182,12.76,436.237,0.1408,432.169,0.089,KO,KO,KO,-17.831,-0.211,derive_9
2026-05-10 19:24:02,PIECE_A,92.372,10.012,449.058,0.4343,428.826,0.1648,KO,OK,KO,-21.174,-0.1352,derive_10
2026-05-10 19:24:07,PIECE_A,15.804,5.475,446.265,0.42,413.735,-0.0176,KO,KO,KO,-36.265,-0.3176,rupture
2026-05-10 19:24:12,PIECE_A,95.621,5.708,456.568,0.2952,450.683,0.2978,OK,OK,OK,0.683,-0.0022,normal
2026-05-10 19:24:17,PIECE_A,181.874,10.807,458.851,0.2475,450.235,0.2827,OK,OK,OK,0.235,-0.0173,normal
2026-05-10 19:24:22,PIECE_A,199.218,18.833,457.79,0.2297,449.143,0.2643,OK,OK,OK,-0.857,-0.0357,normal
2026-05-10 19:24:27,PIECE_A,170.889,12.933,441.209,0.4704,450.1,0.3397,OK,OK,OK,0.1,0.0397,normal
2026-05-10 19:24:32,PIECE_A,133.915,16.67,456.832,0.12,448.043,0.2331,OK,OK,OK,-1.957,-0.0669,derive_1
2026-05-10 19:24:37,PIECE_A,174.797,13.347,453.501,0.3468,446.335,0.2818,OK,OK,OK,-3.665,-0.0182,derive_2
2026-05-10 19:24:42,PIECE_A,166.015,14.069,446.747,0.2951,444.334,0.2569,KO,OK,KO,-5.666,-0.0431,derive_3
2026-05-10 19:24:47,PIECE_A,83.304,10.129,454.729,0.1461,441.472,0.185,KO,OK,KO,-8.528,-0.115,derive_4
2026-05-10 19:24:52,PIECE_A,175.035,7.388,447.593,0.166,439.946,0.1845,KO,OK,KO,-10.054,-0.1155,derive_5
2026-05-10 19:24:57,PIECE_A,104.88,9.211,445.719,0.2252,438.15,0.1742,KO,OK,KO,-11.85,-0.1258,derive_6
2026-05-10 19:25:02,PIECE_A,178.699,6.347,436.789,0.2473,435.759,0.1549,KO,OK,KO,-14.241,-0.1451,derive_7
2026-05-10 19:25:07,PIECE_A,176.123,21.05,450.073,0.1096,433.135,0.1225,KO,OK,KO,-16.865,-0.1775,derive_8
2026-05-10 19:25:12,PIECE_A,148.503,11.323,437.366,0.2956,431.658,0.136,KO,OK,KO,-18.342,-0.164,derive_9
2026-05-10 19:25:17,PIECE_A,140.272,8.389,437.572,0.3409,429.592,0.1487,KO,OK,KO,-20.408,-0.1513,derive_10
2026-05-10 19:25:22,PIECE_A,17.403,6.577,439.831,0.2271,413.663,-0.0804,KO,KO,KO,-36.337,-0.3804,rupture
2026-05-10 19:25:27,PIECE_A,130.196,11.046,452.706,0.2836,449.618,0.3138,OK,OK,OK,-0.382,0.0138,normal
2026-05-10 19:25:32,PIECE_A,176.693,8.452,450.73,0.1302,449.026,0.262,OK,OK,OK,-0.974,-0.038,normal
2026-05-10 19:25:37,PIECE_A,134.867,10.743,446.385,0.3383,450.226,0.3062,OK,OK,OK,0.226,0.0062,normal
2026-05-10 19:25:42,PIECE_A,109.91,16.504,449.949,0.1273,449.303,0.2529,OK,OK,OK,-0.697,-0.0471,normal
2026-05-10 19:25:47,PIECE_A,187.65,13.802,445.198,0.48,450.114,0.3537,OK,OK,OK,0.114,0.0537,normal
2026-05-10 19:25:53,PIECE_A,192.338,13.002,458.441,0.2837,450.389,0.2928,OK,OK,OK,0.389,-0.0072,normal
2026-05-10 19:25:58,PIECE_A,87.874,16.443,455.372,0.3058,452.074,0.3117,OK,OK,OK,2.074,0.0117,derive_1
2026-05-10 19:26:03,PIECE_A,145.973,16.323,443.036,0.1652,452.947,0.2977,OK,OK,OK,2.947,-0.0023,derive_2
2026-05-10 19:26:08,PIECE_A,175.647,14.01,456.448,0.4599,455.44,0.3772,KO,OK,KO,5.44,0.0772,derive_3
2026-05-10 19:26:13,PIECE_A,125.159,9.71,460.083,0.4691,459.19,0.417,KO,OK,KO,9.19,0.117,derive_4
2026-05-10 19:26:18,PIECE_A,211.053,11.334,446.857,0.2214,459.749,0.3524,KO,OK,KO,9.749,0.0524,derive_5
2026-05-10 19:26:23,PIECE_A,165.027,8.732,448.571,0.3899,462.356,0.4218,KO,OK,KO,12.356,0.1218,derive_6
2026-05-10 19:26:28,PIECE_A,178.79,17.759,451.972,0.5074,463.694,0.4873,KO,OK,KO,13.694,0.1873,derive_7
2026-05-10 19:26:33,PIECE_A,114.284,12.71,463.612,0.303,465.421,0.4416,KO,OK,KO,15.421,0.1416,derive_8
2026-05-10 19:26:38,PIECE_A,145.963,15.302,464.452,0.3096,467.42,0.4586,KO,OK,KO,17.42,0.1586,derive_9
2026-05-10 19:26:43,PIECE_A,154.204,14.428,456.417,0.3222,469.057,0.5114,KO,KO,KO,19.057,0.2114,derive_10
2026-05-10 19:26:48,PIECE_A,20.197,6.24,459.712,0.55,485.501,0.7246,KO,KO,KO,35.501,0.4246,rupture
2026-05-10 19:26:53,PIECE_A,140.17,18.933,447.191,0.2194,449.489,0.2725,OK,OK,OK,-0.511,-0.0275,normal
2026-05-10 19:26:58,PIECE_A,116.883,10.069,456.536,0.1913,449.295,0.2805,OK,OK,OK,-0.705,-0.0195,normal
2026-05-10 19:27:03,PIECE_A,83.039,18.967,452.238,0.212,449.776,0.2822,OK,OK,OK,-0.224,-0.0178,normal
2026-05-10 19:27:08,PIECE_A,177.248,6.991,455.291,0.27,449.688,0.2949,OK,OK,OK,-0.312,-0.0051,normal
2026-05-10 19:27:13,PIECE_A,104.359,11.862,442.733,0.1502,449.688,0.2552,OK,OK,OK,-0.312,-0.0448,normal
2026-05-10 19:27:18,PIECE_A,135.166,13.161,442.111,0.1473,449.291,0.2627,OK,OK,OK,-0.709,-0.0373,normal
2026-05-10 19:27:23,PIECE_A,89.397,15.79,454.757,0.3944,449.927,0.3314,OK,OK,OK,-0.073,0.0314,normal
2026-05-10 19:27:28,PIECE_A,118.124,17.336,445.271,0.1382,449.189,0.2615,OK,OK,OK,-0.811,-0.0385,normal
2026-05-10 19:27:33,PIECE_A,175.152,6.212,448.203,0.3537,451.502,0.3084,OK,OK,OK,1.502,0.0084,normal
2026-05-10 19:27:38,PIECE_A,173.831,18.972,448.852,0.3327,450.621,0.3098,OK,OK,OK,0.621,0.0098,normal
2026-05-10 19:27:43,PIECE_A,116.523,14.892,458.569,0.2235,450.943,0.2684,OK,OK,OK,0.943,-0.0316,normal
2026-05-10 19:27:48,PIECE_A,136.604,19.303,444.964,0.1055,450.425,0.2586,OK,OK,OK,0.425,-0.0414,normal
2026-05-10 19:27:53,PIECE_A,88.683,17.024,445.795,0.2485,449.019,0.2817,OK,OK,OK,-0.981,-0.0183,normal
2026-05-10 19:27:58,PIECE_A,85.552,10.124,445.811,0.1486,449.787,0.2668,OK,OK,OK,-0.213,-0.0332,normal
2026-05-10 19:28:03,PIECE_A,88.835,5.436,447.728,0.4484,450.935,0.3308,OK,OK,OK,0.935,0.0308,normal
2026-05-10 19:28:08,PIECE_A,130.282,8.663,442.659,0.326,450.948,0.3087,OK,OK,OK,0.948,0.0087,normal
2026-05-10 19:28:13,PIECE_A,148.349,8.004,446.249,0.1512,449.798,0.2655,OK,OK,OK,-0.202,-0.0345,normal
2026-05-10 19:28:18,PIECE_A,87.396,11.064,444.634,0.3189,449.879,0.3092,OK,OK,OK,-0.121,0.0092,normal
2026-05-10 19:28:23,PIECE_A,196.352,5.378,443.877,0.1415,451.401,0.2826,OK,OK,OK,1.401,-0.0174,normal
2026-05-10 19:28:28,PIECE_A,90.366,15.701,453.65,0.1582,449.617,0.2491,OK,OK,OK,-0.383,-0.0509,normal
2026-05-10 19:28:33,PIECE_A,82.774,9.366,453.036,0.3358,449.846,0.2848,OK,OK,OK,-0.154,-0.0152,normal
2026-05-10 19:28:38,PIECE_A,198.646,11.407,451.625,0.2103,450.947,0.2591,OK,OK,OK,0.947,-0.0409,normal
2026-05-10 19:28:43,PIECE_A,85.564,18.945,456.416,0.331,452.621,0.3429,OK,OK,OK,2.621,0.0429,derive_1
2026-05-10 19:28:48,PIECE_A,125.23,10.353,457.539,0.2735,453.857,0.3302,OK,OK,OK,3.857,0.0302,derive_2
2026-05-10 19:28:53,PIECE_A,204.781,12.478,452.455,0.2163,455.212,0.3188,KO,OK,KO,5.212,0.0188,derive_3
2026-05-10 19:28:58,PIECE_A,189.352,11.228,454.599,0.3771,458.305,0.4082,KO,OK,KO,8.305,0.1082,derive_4
2026-05-10 19:29:03,PIECE_A,135.064,12.504,449.961,0.305,459.721,0.3996,KO,OK,KO,9.721,0.0996,derive_5
2026-05-10 19:29:08,PIECE_A,174.202,16.402,461.862,0.4706,463.075,0.4583,KO,OK,KO,13.075,0.1583,derive_6
2026-05-10 19:29:13,PIECE_A,183.64,10.205,460.044,0.3912,464.648,0.4546,KO,OK,KO,14.648,0.1546,derive_7
2026-05-10 21:16:03,PIECE_A,155.676,7.805,444.112,0.436,450.509,0.3442,OK,OK,OK,0.509,0.0442,normal
2026-05-10 21:16:08,PIECE_A,81.008,18.786,441.925,0.1389,448.936,0.266,OK,OK,OK,-1.064,-0.034,normal
2026-05-10 21:16:13,PIECE_A,136.523,10.21,448.217,0.1204,450.283,0.2691,OK,OK,OK,0.283,-0.0309,normal
2026-05-10 21:16:18,PIECE_A,165.507,12.581,450.548,0.1549,450.316,0.2799,OK,OK,OK,0.316,-0.0201,normal
2026-05-10 21:16:23,PIECE_A,139.616,16.177,449.066,0.2923,450.903,0.2957,OK,OK,OK,0.903,-0.0043,normal
2026-05-10 21:16:28,PIECE_A,90.227,7.618,455.471,0.3261,449.686,0.3078,OK,OK,OK,-0.314,0.0078,normal
2026-05-10 21:16:33,PIECE_A,86.769,6.189,458.997,0.3026,450.539,0.3004,OK,OK,OK,0.539,0.0004,normal
